,Title,Year,Rated,Released,Runtime,Genre,Director,Writer,Actors,Plot,Language,Poster,Metascore,imdbRating,BoxOffice,Production
0,Last Man Down,2021,R,19 Oct 2021,N/A,Action,Fansu Njie,"Fansu Njie, Daniel Stisen, Andreas Vasshaug","Daniel Stisen, Olga Kent, Daniel Nehme","John Wood left the pieces of a broken civilisation behind, to go back to his roots in the woodland, after a virus pandemic struck the world.",English,https://m.media-amazon.com/images/M/MV5BZGQ2NmQ1MjQtZTc5NS00ZTE1LThiNjEtOTI4ZDUwMjlhZjg3XkEyXkFqcGdeQXVyMjUyOTAzOTk@._V1_SX300.jpg,N/A,N/A,N/A,N/A
1,Dune,2021,PG-13,22 Oct 2021,155 min,"Action, Adventure, Drama",Denis Villeneuve,"Jon Spaihts, Denis Villeneuve, Eric Roth","Timothée Chalamet, Rebecca Ferguson, Zendaya","Feature adaptation of Frank Herbert's science fiction novel, about the son of a noble family entrusted with the protection of the most valuable asset and most vital element in the galaxy.",English,https://m.media-amazon.com/images/M/MV5BN2FjNmEyNWMtYzM0ZS00NjIyLTg5YzYtYThlMGVjNzE1OGViXkEyXkFqcGdeQXVyMTkxNjUyNQ@@._V1_SX300.jpg,75,8.4,N/A,N/A
2,The French Dispatch,2021,R,22 Oct 2021,108 min,"Comedy, Drama, Romance",Wes Anderson,"Wes Anderson, Jason Schwartzman, Roman Coppola","Léa Seydoux, Timothée Chalamet, Christoph Waltz","A love letter to journalists set in an outpost of an American newspaper in a fictional twentieth century French city that brings to life a collection of stories published in ""The French Dispatch Magazine"".","English, French",https://m.media-amazon.com/images/M/MV5BNmQxZTNiODYtNzBhYy00MzVlLWJlN2UtNTc4YWZjMDIwMmEzXkEyXkFqcGdeQXVyMTkxNjUyNQ@@._V1_SX300.jpg,83,N/A,N/A,N/A
3,Ron's Gone Wrong,2021,PG,22 Oct 2021,106 min,"Animation, Adventure, Comedy","Sarah Smith, Jean-Philippe Vine, Octavio E. Rodriguez","Peter Baynham, Sarah Smith","Zach Galifianakis, Jack Dylan Grazer, Olivia Colman","The story of Barney, an awkward middle-schooler and Ron, his new walking, talking, digitally-connected device. Ron's malfunctions set against the backdrop of the social media age launch them on a journey to learn about true friendshi",English,https://m.media-amazon.com/images/M/MV5BMzMxMjllYTgtZWNjZS00ODc0LTljZWUtYjdiMDQ2ZDJkM2FkXkEyXkFqcGdeQXVyNjY1MTg4Mzc@._V1_SX300.jpg,68,6.3,N/A,N/A
4,Warning,2013,Not Rated,27 Sep 2013,109 min,"Adventure, Thriller","Gurmmeet Singh, Vishal Chaturvedi","Rajesh Chawla, Tejpal Singh Rawat","Santosh Barmola, Jitin Gulati, Sumit Suri",Seven school friends reunite in Fiji after many years on a yacht retreat. Their adventure takes a shift when they go into sea.,"Hindi, English",https://m.media-amazon.com/images/M/MV5BN2ZiOWMxOWItMjczNS00MzNkLTljMTAtZjRlZTVhOGQ5NTYxXkEyXkFqcGdeQXVyODE5NzE3OTE@._V1_SX300.jpg,N/A,4.7,N/A,N/A
5,Last Night in Soho,2021,N/A,29 Oct 2021,116 min,"Drama, Horror, Mystery",Edgar Wright,"Edgar Wright, Krysty Wilson-Cairns","Anya Taylor-Joy, Thomasin McKenzie, Diana Rigg",An aspiring fashion designer is mysteriously able to enter the 1960s where she encounters a dazzling wannabe singer. But the glamour is not all it appears to be and the dreams of the past start to crack and splinter into something da,English,https://m.media-amazon.com/images/M/MV5BZjgwZDIwY2MtNGZlNy00NGRlLWFmNTgtOTBkZThjMDUwMGJhXkEyXkFqcGdeQXVyMTEyMjM2NDc2._V1_SX300.jpg,67,7.3,N/A,N/A
6,Antlers,2021,R,29 Oct 2021,99 min,"Drama, Horror, Mystery",Scott Cooper,"Henry Chaisson, Nick Antosca, Scott Cooper","Keri Russell, Jesse Plemons, Jeremy T. Thomas","In an isolated Oregon town, a middle-school teacher and her sheriff brother become embroiled with her enigmatic student, whose dark secrets lead to terrifying encounters with a legendary ancestral creature who came before them.",English,https://m.media-amazon.com/images/M/MV5BY2UzODAyNjktN2MwYy00M2RkLThiOTEtMjU1MTgxY2EzM2YyXkEyXkFqcGdeQXVyODk5MDA0MDU@._V1_SX300.jpg,N/A,N/A,N/A,N/A
7,A Mouthful of Air,2021,R,29 Oct 2021,N/A,Drama,Amy Koppelman,Amy Koppelman,"Amanda Seyfried, Britt Robertson, Finn Wittrock","Julie Davis writes bestselling children's books about unlocking your fears, but has yet to unlock her own. When her daughter is born, that trauma is brought to the fore, and with it, a crushing battle to survive.",English,https://m.media-amazon.com/images/M/MV5BMTlmYjQwNjAtMTY0Yi00ZjJmLThmNTktZWUwYzNmYTQ3YjA2XkEyXkFqcGdeQXVyNjY1MTg4Mzc@._V1_SX300.jpg,N/A,N/A,N/A,N/A
8,The Souvenir: Part II,2021,R,29 Oct 2021,106 min,Drama,Joanna Hogg,Joanna Hogg,"Tilda Swinton, Honor Swinton Byrne, James Spencer Ashworth","In the aftermath of her tumultuous relationship, Julie begins to untangle her fraught love for him in making her graduation film, sorting fact from his elaborately constructed fiction.",English,https://m.media-amazon.com/images/M/MV5BODllMjY0MWYtNTMzMi00MDU4LTllZjItY2ViMDkwNDRmZTI0XkEyXkFqcGdeQXVyMDA4NzMyOA@@._V1_SX300.jpg,98,8.0,N/A,N/A
9,13 Minutes,2015,N/A,15 Jun 2015,13 min,"Short, Thriller",Gregory Alan Williams,Gregory Alan Williams,"Rachel Beasley, Bruce Blackshear, Tonya Dorisca",Kill or die. A society of patriots tests their fellow citizens commitment to freedom.,English,https://m.media-amazon.com/images/M/MV5BNmU1ZmExNjgtNGZlYS00YTVlLWI3Y2QtMjg3MjQzNzdlOTY5XkEyXkFqcGdeQXVyNzMyNDI5Mg@@._V1_SX300.jpg,N/A,7.2,N/A,N/A
10,The Obscure Life of the Grand Duke of Corsica,2021,N/A,03 Nov 2021,93 min,"Comedy, Drama",Daniel Graham,Daniel Graham,"Timothy Spall, Peter Stormare, Matt Hookings","In 1221 a young man is set on his path to becoming St. Francis of Assisi. A thousand years later an architect must build a mausoleum for a dying billionaire. Separated by history, these men's lives will be forever changed by a pandem","English, German",https://m.media-amazon.com/images/M/MV5BZDc1ZGEwMzAtYjc5NC00ZTA4LWIxYTItMWRjYzM4ZjJjN2ZhXkEyXkFqcGdeQXVyMjgxOTM1MDU@._V1_SX300.jpg,N/A,N/A,N/A,N/A
11,Eternals,2014–,N/A,16 Sep 2014,N/A,"Animation, Adventure, Fantasy",N/A,N/A,"Lisa Ann Beley, Trevor Devall, Heather Doerksen","Medical student Mark Curry's world is turned upside down when he meets Ike Harris, a man who believes that he is part of a centuries-old race of super-powered beings put here on Earth by aliens to preserve and safeguard the planet, a",English,https://m.media-amazon.com/images/M/MV5BNGE3ODRjMDYtMThkOC00MDBiLWJkNGQtMTg0MDcyNDI3ODVmXkEyXkFqcGdeQXVyNjExODE1MDc@._V1_SX300.jpg,N/A,6.5,N/A,N/A
12,Spencer,2021,R,05 Nov 2021,111 min,"Biography, Drama, Romance",Pablo Larraín,Steven Knight,"Kristen Stewart, Timothy Spall, Jack Nielen","During her Christmas holidays with the royal family at the Sandringham estate in Norfolk, England, Diana decides to leave her marriage to Prince Charles.",English,https://m.media-amazon.com/images/M/MV5BZjdmYjM2YzEtZjk2NS00MWM4LWI2N2YtNmRjMTExYThlMGVlXkEyXkFqcGdeQXVyMDM2NDM2MQ@@._V1_SX300.jpg,85,6.4,N/A,N/A
13,Ida Red,2021,R,11 Aug 2021,111 min,"Action, Thriller",John Swab,John Swab,"Frank Grillo, Deborah Ann Woll, Melissa Leo","Ida ""Red"" Walker may not survive her terminal illness while incarcerated for armed robbery. She turns to her son, Wyatt, for one last job and a chance to regain her freedom.",English,https://m.media-amazon.com/images/M/MV5BYTUwMWVlNzctYmExMy00ODY3LWI5ZjktZTJmZTc3ZWZkNjBhXkEyXkFqcGdeQXVyMjEzMjMzNDc@._V1_SX300.jpg,N/A,5.9,N/A,N/A
14,Violet,2014,N/A,06 Nov 2014,85 min,"Action, Drama, Family",Bas Devos,Bas Devos,"Cesar De Sutter, Koen De Sutter, Mira Helmer",15-year-old Jesse is the only one who witnessed the stabbing of his friend Jonas. Now he has to face his family and friends form the BMX riders crew and explain the unexplainable - how he feels about it.,"Flemish, Dutch",https://m.media-amazon.com/images/M/MV5BMjZhZTcyOWItYjI4My00ZGI4LWJlOTYtNjRkNjg3ODRjMzk1XkEyXkFqcGdeQXVyNjY0MTgwOQ@@._V1_SX300.jpg,77,5.9,N/A,N/A
15,The Beta Test,2021,Unrated,05 Nov 2021,93 min,"Horror, Thriller","Jim Cummings, PJ McCabe","Jim Cummings, PJ McCabe","Jim Cummings, Virginia Newcomb, PJ McCabe","A married Hollywood agent receives a mysterious letter for an anonymous sexual encounter and becomes ensnared in a sinister world of lying, infidelity, and digital data.",English,https://m.media-amazon.com/images/M/MV5BOTJmNzM5ZjAtN2QxOC00ZWU4LTliMDUtOTk0NmZjYzM0MTgyXkEyXkFqcGdeQXVyMTA5Mzg5Nzc@._V1_SX300.jpg,N/A,6.8,N/A,N/A
16,Dangerous,1935,Passed,25 Dec 1935,79 min,"Drama, Romance",Alfred E. Green,Laird Doyle,"Bette Davis, Franchot Tone, Margaret Lindsay","An alcoholic actress who is considered a dangerous jinx is rehabilitated, but she then shows that she's as dangerous as ever.",English,https://m.media-amazon.com/images/M/MV5BZDFlY2VkNTMtMDcwOC00YjlkLWE2ZGMtMGVlZGUxNTcwNGVjXkEyXkFqcGdeQXVyMjUxODE0MDY@._V1_SX300.jpg,N/A,6.9,N/A,N/A
17,Clifford the Big Red Dog,2000–2003,TV-Y,04 Sep 2000,30 min,"Animation, Short, Comedy",N/A,Karen Heathwood,"Antonio Delli, John Ritter, Grey Griffin",The adventures of a larger-than-life red dog on Bridwell Island.,English,https://m.media-amazon.com/images/M/MV5BMDg1NDM3YTYtNmE0Yy00MWY3LWI0NmQtNzA4ZmRiODU0MTJmXkEyXkFqcGdeQXVyODk1MjAxNzQ@._V1_SX300.jpg,N/A,6.6,N/A,N/A
18,Belfast,2021,N/A,12 Nov 2021,98 min,Drama,Kenneth Branagh,Kenneth Branagh,"Jamie Dornan, Caitriona Balfe, Ciarán Hinds",A young boy and his working class family experience the tumultuous late 1960s.,English,https://m.media-amazon.com/images/M/MV5BZTcwN2IzYjgtYzc4ZS00ZmQ3LTllMzMtNGE3MmFmYTNjMzYxXkEyXkFqcGdeQXVyMTkxNjUyNQ@@._V1_SX300.jpg,75,N/A,N/A,N/A
19,Night Raiders,2021,N/A,15 Jun 2021,97 min,Sci-Fi,Danis Goulet,Danis Goulet,"Elle-Máijá Tailfeathers, Brooklyn Letexier-Hart, Alex Tarrant",A mother joins an underground band of vigilantes to try and rescue her daughter from a state-run institution.,"Cree, English",https://m.media-amazon.com/images/M/MV5BZmI2MTdjOTEtZWI0OS00Njg2LTg4MTQtNGUzZTRlMjQzNjhjXkEyXkFqcGdeQXVyMTEyMjc0MA@@._V1_SX300.jpg,N/A,7.0,N/A,N/A
20,Apex,2013–,N/A,05 Jan 2014,N/A,"Drama, Horror, Sci-Fi",N/A,N/A,"Yuri Sardarov, Charlie Barnett, Brent Antonello, Devin Lytle",N/A,English,N/A,N/A,7.7,N/A,N/A
21,Ghostbusters: Afterlife,2021,PG-13,19 Nov 2021,N/A,"Comedy, Fantasy",Jason Reitman,"Gil Kenan, Jason Reitman, Dan Aykroyd","Finn Wolfhard, Mckenna Grace, Carrie Coon","When a single mom and her two kids arrive in a small town, they begin to discover their connection to the original Ghostbusters and the secret legacy their grandfather left behind.",English,https://m.media-amazon.com/images/M/MV5BMmZiMjdlN2UtYzdiZS00YjgxLTgyZGMtYzE4ZGU5NTlkNjhhXkEyXkFqcGdeQXVyMTEyMjM2NDc2._V1_SX300.jpg,N/A,N/A,N/A,N/A
22,King Richard,2021,PG-13,19 Nov 2021,138 min,"Biography, Drama, Sport",Reinaldo Marcus Green,Zach Baylin,"Jon Bernthal, Will Smith, Tony Goldwyn",A look at how tennis superstars Venus and Serena Williams became who they are after the coaching from their father Richard Williams.,English,https://m.media-amazon.com/images/M/MV5BYTcyNmY4ZGEtYmE4Zi00ZDViLTlmYzMtMmQ4ZTM4OWNmZjQxXkEyXkFqcGdeQXVyMTkxNjUyNQ@@._V1_SX300.jpg,77,N/A,N/A,N/A
23,C'mon C'mon,2021,R,19 Nov 2021,108 min,Drama,Mike Mills,Mike Mills,"Joaquin Phoenix, Gaby Hoffmann, Woody Norman",A radio journalist embarks on a cross-country trip with his young nephew.,English,https://m.media-amazon.com/images/M/MV5BMzkwZWJhOTUtZTJkMC00OWQ5LTljZDctYzgxNWFiYjEyZjZiXkEyXkFqcGdeQXVyMDA4NzMyOA@@._V1_SX300.jpg,84,N/A,N/A,N/A
24,Mothering Sunday,2021,R,19 Nov 2021,110 min,Drama,Eva Husson,"Alice Birch, Graham Swift","Olivia Colman, Glenda Jackson, Colin Firth",A maid living in post-World War I England secretly plans to meet with the man she loves before he leaves to marry another woman.,English,https://m.media-amazon.com/images/M/MV5BZDAwZjI4MWMtNGM1OS00ZTEzLTg4ZTYtNjM1YjA1YmFiOGRiXkEyXkFqcGdeQXVyNTg1MDQzMDU@._V1_SX300.jpg,69,6.2,N/A,Disney
25,A House on the Bayou,2021,N/A,19 Nov 2021,N/A,"Horror, Thriller",Alex McAulay,Alex McAulay,"Angela Sarafyan, Lia McHugh, Paul Schneider","Follows a troubled couple and their daughter who go on vacation to an isolated house in the Louisiana bayou to reconnect as a family. But when unexpected visitors arrive, the unity starts to unravel.",N/A,N/A,N/A,N/A,N/A,N/A
26,Resident Evil: Welcome to Raccoon City,2013,N/A,28 Feb 2013,N/A,"Action, Sci-Fi",N/A,Justin Lee,"Todd A. Robinson, Patrick D. Green, Justin Lee",N/A,English,N/A,N/A,5.8,N/A,N/A
27,House of Gucci,2021,R,24 Nov 2021,N/A,"Crime, Drama, Thriller",Ridley Scott,"Becky Johnston, Roberto Bentivegna, Sara Gay Forden","Adam Driver, Salma Hayek, Al Pacino","Spanning three decades of love, betrayal, decadence, revenge, and ultimately murder, we see what a name means, what it's worth, and how far a family will go for control.",English,https://m.media-amazon.com/images/M/MV5BZThjMTA5YjgtZmViZi00YjY0LTk5MzQtMjUwMGEzZGVlYzFjXkEyXkFqcGdeQXVyMDM2NDM2MQ@@._V1_SX300.jpg,N/A,N/A,N/A,N/A
28,Encanto,2021,N/A,24 Nov 2021,N/A,"Animation, Adventure, Comedy","Jared Bush, Byron Howard, Charise Castro Smith","Jared Bush, Charise Castro Smith, Lin-Manuel Miranda","Stephanie Beatriz, Diane Guerrero, Wilmer Valderrama",A young Colombian girl has to face the frustration of being the only member of her family without magical powers.,English,https://m.media-amazon.com/images/M/MV5BNjE5NzA4ZDctOTJkZi00NzM0LTkwOTYtMDI4MmNkMzIxODhkXkEyXkFqcGdeQXVyNjY1MTg4Mzc@._V1_SX300.jpg,N/A,N/A,"$65,002,597",N/A
29,Drive My Car,1994,G,N/A,3 min,"Musical, Short",Radoslav Lazarov,Radoslav Lazarov,N/A,"A favorite music video for preschoolers (and up!) about driving by beloved children's musician and People Magazine's ""Queen of Children's Music"" Laurie Berkner.",N/A,https://m.media-amazon.com/images/M/MV5BYmI4ZDhmMWUtYjFhYS00OWYwLTgxNzAtZmI3ZjZhMTZhYzMxL2ltYWdlXkEyXkFqcGdeQXVyNTM3MDMyMDQ@._V1_SX300.jpg,N/A,8.8,N/A,N/A
30,The Humans,2021,R,24 Nov 2021,108 min,Drama,Stephen Karam,Stephen Karam,"Beanie Feldstein, Steven Yeun, Richard Jenkins","Set inside a pre-war duplex in downtown Manhattan, The Humans follows the course of an evening in which the Blake family gathers to celebrate Thanksgiving. As darkness falls outside the crumbling building, mysterious things start to ",English,https://m.media-amazon.com/images/M/MV5BYTZjYzU4NDctNjg0NS00YmIzLTkzMzctZDQ2YjE3ZjEyMDg5XkEyXkFqcGdeQXVyMTkxNjUyNQ@@._V1_SX300.jpg,78,7.3,"$44,055,492",N/A
31,Licorice Pizza,2021,R,26 Nov 2021,100 min,"Comedy, Drama",Paul Thomas Anderson,Paul Thomas Anderson,"Alana Haim, Bradley Cooper, Skyler Gisondo","The story of Alana Kane and Gary Valentine growing up, running around and going through the treacherous navigation of first love in the San Fernando Valley, 1973.",English,https://m.media-amazon.com/images/M/MV5BMGU4NzhkZDAtZmIyNi00ZGE2LWE2ODMtMGNiNjc3MTQxOTU1XkEyXkFqcGdeQXVyODk2NDQ3MTA@._V1_SX300.jpg,N/A,N/A,N/A,N/A
32,Wolf,1994,R,17 Jun 1994,125 min,"Drama, Horror, Romance",Mike Nichols,"Jim Harrison, Wesley Strick","Jack Nicholson, Michelle Pfeiffer, James Spader",Publisher Will Randall becomes a demon wolf and has to fight to keep his job.,"English, Spanish",https://m.media-amazon.com/images/M/MV5BMjY3NTgxZGItMWU2Mi00OTQ0LTg2OGQtYWI3NzU4MTYxMTBlXkEyXkFqcGdeQXVyMTQxNzMzNDI@._V1_SX300.jpg,N/A,6.2,N/A,"Controlled Chaos Enterprises, Beyond Casual Media"
33,Red Rocket,2021,R,03 Dec 2021,128 min,"Comedy, Drama",Sean Baker,"Sean Baker, Chris Bergoch","Simon Rex, Bree Elrod, Brenda Deiss","Mikey Saber is a washed-up porn star who returns to his small Texas hometown, not that anyone really wants him back.",English,https://m.media-amazon.com/images/M/MV5BMmI2MzFiOGItM2M2Yy00NDM5LThiMjQtYzc0MzIxZGM0Yzg4XkEyXkFqcGdeQXVyNzg5MzIyOA@@._V1_SX300.jpg,78,7.0,N/A,N/A
34,West Side Story,1961,Approved,18 Oct 1961,153 min,"Crime, Drama, Musical","Jerome Robbins, Robert Wise","Ernest Lehman, Arthur Laurents, Jerome Robbins","Natalie Wood, George Chakiris, Richard Beymer","Two youngsters from rival New York City gangs fall in love, but tensions between their respective friends build toward tragedy.","English, Spanish",https://m.media-amazon.com/images/M/MV5BMTM0NDAxOTI5MF5BMl5BanBnXkFtZTcwNjI4Mjg3NA@@._V1_SX300.jpg,86,7.5,N/A,Twentieth Century Fox
35,France,2021,N/A,10 Dec 2021,133 min,"Comedy, Drama",Bruno Dumont,Bruno Dumont,"Léa Seydoux, Blanche Gardin, Benjamin Biolay","A celebrity journalist, juggling her busy career and personal life, has her life over-turned by a freak car accident.","French, German, English",https://m.media-amazon.com/images/M/MV5BODIzNjFlOGMtYzc5OC00ZWZhLWFiNjMtOTE4MjYwM2Q2ZGNlXkEyXkFqcGdeQXVyMTI5MzU4Mzkz._V1_SX300.jpg,51,5.5,"$125,930",N/A
36,Encounter,2018,N/A,01 Oct 2019,92 min,"Drama, Sci-Fi",Paul Salamoff,Paul Salamoff,"Luke Hemsworth, Anna Hutchison, Tom Atkins","A group of friends uncover an otherworldly object in a rural field, which they soon discover holds greater secrets than they could imagine.",English,https://m.media-amazon.com/images/M/MV5BNzE4ODE4NmMtN2Y2NC00MzBjLThmMjUtYWE3OGE0NjBkMDdkXkEyXkFqcGdeQXVyNjI2ODA4MDU@._V1_SX300.jpg,N/A,3.9,N/A,N/A
37,Spider-Man: No Way Home,2021,N/A,17 Dec 2021,N/A,"Action, Adventure, Sci-Fi",Jon Watts,"Chris McKenna, Erik Sommers, Steve Ditko","Zendaya, Tom Holland, Benedict Cumberbatch","For the first time in the cinematic history of Spider-Man, our friendly neighborhood hero is unmasked and no longer able to separate his normal life from the high-stakes of being a Super Hero. When he asks for help from Doctor Strang",English,https://m.media-amazon.com/images/M/MV5BNTMxOGI4OGMtMTgwMy00NmFjLWIyOTUtYjQ0OGQ4Mjk0YjNjXkEyXkFqcGdeQXVyMDM2NDM2MQ@@._V1_SX300.jpg,N/A,N/A,N/A,"Universal Pictures, Illumination Entertainment"
38,Nightmare Alley,1947,Passed,28 Oct 1947,110 min,"Drama, Film-Noir",Edmund Goulding,"Jules Furthman, William Lindsay Gresham","Tyrone Power, Joan Blondell, Coleen Gray","The rise and fall of Stanton Carlisle, a mentalist whose lies and deceit prove to be his downfall.",English,https://m.media-amazon.com/images/M/MV5BODhjZDdlZGUtY2VkMS00NTE4LWJjMjctODE3OGEyN2MzY2EyL2ltYWdlXkEyXkFqcGdeQXVyNjc1NTYyMjg@._V1_SX300.jpg,N/A,7.8,N/A,N/A
39,Swan Song,2021,R,13 Aug 2021,105 min,Drama,Todd Stephens,Todd Stephens,"Udo Kier, Jennifer Coolidge, Linda Evans",A formerly flamboyant hairdresser takes a long walk across a small town to style a dead woman's hair.,English,https://m.media-amazon.com/images/M/MV5BYTM4YmI5NzItNjViZS00MmE2LWE3ZWUtMTI0ZTg4ZWM2NWU4XkEyXkFqcGdeQXVyMTA2MDU0NjM5._V1_SX300.jpg,66,7.0,N/A,N/A
40,The Matrix Resurrections,2021,N/A,22 Dec 2021,N/A,"Action, Sci-Fi",Lana Wachowski,"Lana Wachowski, David Mitchell, Aleksandar Hemon","Keanu Reeves, Carrie-Anne Moss, Yahya Abdul-Mateen II",The plot is currently unknown.,English,https://m.media-amazon.com/images/M/MV5BMmRmZTA3NzAtN2RlZC00Mjc1LTllZDQtNDc0YTYzZmM4ZTQ1XkEyXkFqcGdeQXVyNjY1MTg4Mzc@._V1_SX300.jpg,N/A,N/A,N/A,N/A
41,Shakespeare: The King's Man,2012–,N/A,01 Jan 2012,N/A,"Documentary, Biography, History",N/A,N/A,"James Shapiro, Greg Hicks, Kelly Hunter","Shakespeare's life and work are sometimes romanticized as a product of the golden age of Elizabeth I. But the bard produced some of his finest plays after the Virgin Queen's death. In this illuminating BBC series, American scholar Ja",English,https://m.media-amazon.com/images/M/MV5BMjM3NTU2NDA1MV5BMl5BanBnXkFtZTgwNDQ2MjAxMzE@._V1_SX300.jpg,N/A,7.0,N/A,N/A
42,Sing 2,2021,PG,22 Dec 2021,N/A,"Animation, Adventure, Comedy",Garth Jennings,Garth Jennings,"Matthew McConaughey, Taron Egerton, Tori Kelly",Buster Moon and his friends must persuade reclusive rock star Clay Calloway to join them for the opening of a new show.,English,https://m.media-amazon.com/images/M/MV5BNTA4NTRhZGUtYTJjNi00YTBkLTlhNjYtOThjZjY4ZTFiZmRhXkEyXkFqcGdeQXVyODk4OTc3MTY@._V1_SX300.jpg,N/A,N/A,"$103,046,663",N/A
43,A Journal for Jordan,2021,N/A,22 Dec 2021,N/A,Drama,Denzel Washington,"Dana Canedy, John Burnham Schwartz, Virgil Williams","Michael B. Jordan, Robert Wisdom, Vanessa Aspillaga","1st Sgt. Charles Monroe King, before he is killed in action in Baghdad, authors a journal for his son intended to tell him how to live a decent life despite growing up without a father.",English,https://m.media-amazon.com/images/M/MV5BMjVjNmUyZGItMDRlZi00ZTMwLTllM2UtNzFlZDZhMWMxOTUyXkEyXkFqcGdeQXVyMTkxNjUyNQ@@._V1_SX300.jpg,N/A,N/A,N/A,N/A
44,The Tragedy of Macbeth,1971,R,25 Dec 1971,140 min,"Biography, Drama, History",Roman Polanski,"Roman Polanski, William Shakespeare, Kenneth Tynan","Jon Finch, Francesca Annis, Martin Shaw",A ruthlessly ambitious Scottish lord seizes the throne with the help of his scheming wife and a trio of witches.,English,https://m.media-amazon.com/images/M/MV5BNzFlMGJiYjgtY2ZiZi00YmQzLWJiY2QtZDAyOTBlYzc2MGQ0XkEyXkFqcGdeQXVyNjc1NTYyMjg@._V1_SX300.jpg,N/A,7.4,N/A,N/A
45,American Underdog,2021,N/A,25 Dec 2021,N/A,Drama,"Andrew Erwin, Jon Erwin","David Aaron Cohen, Jon Erwin, Jon Gunn","Zachary Levi, Anna Paquin, Dennis Quaid","The story of NFL MVP and Hall of Fame quarterback, Kurt Warner, who went from stocking shelves at a supermarket to becoming an American Football star.",English,https://m.media-amazon.com/images/M/MV5BZDUxMDdjNDItYTA2Zi00ZmJkLWIxOWQtYTk5NDlhNGYzN2ViXkEyXkFqcGdeQXVyMjMxOTE0ODA@._V1_SX300.jpg,N/A,N/A,N/A,N/A
46,The 355,2022,PG-13,07 Jan 2022,N/A,"Action, Thriller",Simon Kinberg,"Theresa Rebeck, Simon Kinberg, Bek Smith","Jessica Chastain, Lupita Nyong'o, Diane Kruger","When a top-secret weapon falls into mercenary hands, a wild card CIA agent joins forces with three international agents on a lethal mission to retrieve it, while staying a step ahead of a mysterious woman who's tracking their every m",English,https://m.media-amazon.com/images/M/MV5BNzk4MDZhNTctMDA3OC00ODdkLWIyOWYtN2M0MzA3MDY5NDk1XkEyXkFqcGdeQXVyMTkxNjUyNQ@@._V1_SX300.jpg,N/A,N/A,N/A,N/A
47,Scream,1996,R,20 Dec 1996,111 min,"Horror, Mystery",Wes Craven,Kevin Williamson,"Neve Campbell, Courteney Cox, David Arquette","A year after the murder of her mother, a teenage girl is terrorized by a new killer, who targets the girl and her friends by using horror films as part of a deadly game.",English,https://m.media-amazon.com/images/M/MV5BMjA2NjU5MTg5OF5BMl5BanBnXkFtZTgwOTkyMzQxMDE@._V1_SX300.jpg,65,7.3,N/A,N/A
48,The Man from Toronto,1933,N/A,N/A,77 min,"Comedy, Romance",Sinclair Hill,"W.P. Lipscomb, Douglas Murray","Jessie Matthews, Ian Hunter, Frederick Kerr",The rich widow Leila disguises herself as a maid and falls in love with her employer Fergus who is a rich Canadian bachelor. Their wealth depends on each getting married within the next year. Whose fooling who in this comedy love aff,English,https://m.media-amazon.com/images/M/MV5BNWU5NWQyODQtNzNmNi00ZWZmLTk2NGQtMTRjZmM3OWYyNGE1L2ltYWdlL2ltYWdlXkEyXkFqcGdeQXVyNTE1NDUzNg@@._V1_SX300.jpg,N/A,6.5,N/A,N/A
49,Deep Water,2016,Not Rated,05 Oct 2016,55 min,"Crime, Drama, Mystery",N/A,N/A,"Noah Taylor, Yael Stone, Jeremy Lindsay Taylor","When a young gay man is brutally murdered near Bondi Beach, Detectives Tori Lustigman and Nick Manning are assigned to investigate. After more bodies are found, Tori links the deaths to a series of murders of gay men in the 1980s and","English, Arabic",https://m.media-amazon.com/images/M/MV5BNzUyY2ViZmYtZDg5OS00MzZlLThhM2YtOTNjZGVmMjlhOTQxXkEyXkFqcGdeQXVyNTE1NjY5Mg@@._V1_SX300.jpg,N/A,6.9,"$14,560,084",N/A
50,Sesame Street,1969–,TV-Y,21 Jul 1969,55 min,"Animation, Adventure, Comedy",N/A,N/A,"Jim Henson, Frank Oz, Caroll Spinney","On a special inner city street, the inhabitants, human and muppet, teach preschool subjects with comedy, cartoons, games, and songs.","English, Spanish, American Sign ",https://m.media-amazon.com/images/M/MV5BODM4NDI3OTcxN15BMl5BanBnXkFtZTgwNjc3MjIwMTI@._V1_SX300.jpg,N/A,8.1,N/A,N/A
51,Operation Fortune: Ruse de guerre,2022,N/A,21 Jan 2022,N/A,"Action, Thriller",Guy Ritchie,"Ivan Atkinson, Marn Davies","Jason Statham, Josh Hartnett, Aubrey Plaza",MI6 agent Orson Fortune and his team of operatives recruit one of Hollywood's biggest movie stars to help them on an undercover mission when the sale of a deadly new weapons technology threatens to disrupt the world order.,"English, Chinese",https://m.media-amazon.com/images/M/MV5BNWM0OTRmYzQtYTJlZS00YjM0LTgzMTAtMDQ5YzY1N2U0NzJkXkEyXkFqcGdeQXVyMTAxNDE3MTE5._V1_SX300.jpg,N/A,N/A,"$50,000,000",N/A
52,Morbius,2022,PG-13,28 Jan 2022,N/A,"Action, Adventure, Drama",Daniel Espinosa,"Matt Sazama, Burk Sharpless, Roy Thomas","Matt Smith, Michael Keaton, Jared Harris","Biochemist Michael Morbius tries to cure himself of a rare blood disease, but he inadvertently infects himself with a form of vampirism instead.",English,https://m.media-amazon.com/images/M/MV5BNjIxMDcxMGQtNTViOC00MWM0LWFjYjItNDNmNzRkZThlMmZjXkEyXkFqcGdeQXVyMDA4NzMyOA@@._V1_SX300.jpg,N/A,N/A,N/A,N/A
53,The Black Phone,2021,R,28 Jan 2022,102 min,"Drama, Horror",Scott Derrickson,"Scott Derrickson, C. Robert Cargill, Joe Hill","Ethan Hawke, Jeremy Davies, James Ransone",An adaptation of a short story by New York Times Best Seller JOE HILL.,English,https://m.media-amazon.com/images/M/MV5BMGYyYTlkZDQtMGI5MC00ZGViLTk2MzYtZWVmYzZiM2Y2NDBmXkEyXkFqcGdeQXVyNjQ2MjY1NTM@._V1_SX300.jpg,N/A,N/A,N/A,N/A
54,Moonfall,2022,N/A,04 Feb 2022,N/A,"Action, Adventure, Fantasy",Roland Emmerich,"Spenser Cohen, Roland Emmerich, Harald Kloser","Halle Berry, Patrick Wilson, John Bradley","In Moonfall, a mysterious force knocks the Moon from its orbit around Earth and sends it hurtling on a collision course with life as we know it. With mere weeks before impact and the world on the brink of annihilation, NASA executive",English,https://m.media-amazon.com/images/M/MV5BNDcxYTA1ZTUtYzE4ZC00MmZiLWI0MmEtMjcyOGVlOTI5NTMzXkEyXkFqcGdeQXVyMTkxNjUyNQ@@._V1_SX300.jpg,N/A,N/A,N/A,N/A
55,Jackass Forever,2022,R,04 Feb 2022,96 min,"Documentary, Action, Comedy",Jeff Tremaine,"Jason 'Wee Man' Acuña, Dave England, Spike Jonze","Johnny Knoxville, Steve-O, Chris Pontius","After 11 years, the Jackass crew is back for their final crusade.",English,https://m.media-amazon.com/images/M/MV5BNTdmMDNmYmItOWFmNC00YzdkLWIyZWMtMGRlMTQyZDZmNDU0XkEyXkFqcGdeQXVyMTkxNjUyNQ@@._V1_SX300.jpg,N/A,N/A,N/A,N/A
56,Death on the Nile,1978,PG,29 Sep 1978,140 min,"Crime, Drama, Mystery",John Guillermin,"Anthony Shaffer, Agatha Christie","Peter Ustinov, Mia Farrow, Simon MacCorkindale","As Hercule Poirot enjoys a luxurious cruise down the Nile, a newlywed heiress is found murdered on board. Can Poirot identify the killer before the ship reaches the end of its journey?","English, French, Arabic, German",https://m.media-amazon.com/images/M/MV5BYzIwMzg1NGUtMmQxMS00MzI3LWIwOWMtZTRiZmRjMmI2N2IzXkEyXkFqcGdeQXVyMjI4MjA5MzA@._V1_SX300.jpg,59,7.3,N/A,N/A
57,Marry Me,2014–2015,TV-14,14 Oct 2014,30 min,"Comedy, Romance",N/A,David Caspe,"Casey Wilson, Ken Marino, John Gemberling","Annie and Jake finally get engaged after six years, but her larger-than-life personality and his laid-back approach to life will severely test the theory of ""opposites attract"". They quickly realize getting engaged was the easy part.",English,https://m.media-amazon.com/images/M/MV5BMjE0NDY2ODYxOF5BMl5BanBnXkFtZTgwMDE0NzcwMzE@._V1_SX300.jpg,N/A,6.3,N/A,N/A
58,Uncharted,2009,N/A,N/A,90 min,Horror,Frank Nunez,"John Fuentes, Demetrius Navarro","Demetrius Navarro, Shana Montanez, Carlos Meza","""Uncharted"" is a story of a documentary film crew who crash on an island, when they were in hopes of finding a rare animal, a jaguar, that is believed to inhabit the jungle. Laine Wells, an ambitious workaholic, is leading her award ",English,https://m.media-amazon.com/images/M/MV5BMTU2NDA0NDc0NF5BMl5BanBnXkFtZTcwMzk4MjA4Mg@@._V1_SX300.jpg,N/A,2.1,N/A,N/A
59,Ambulance,2016–,N/A,27 Sep 2016,N/A,Documentary,N/A,N/A,"Christopher Eccleston, Nieaal Williams",Observational documentary series revealing the dramas and dilemmas faced by staff of some of the UK's largest ambulance services on a daily basis.,English,https://m.media-amazon.com/images/M/MV5BZmVmY2ZjMjAtM2Q1YS00OWUxLWE1OGUtMWJiYjcwZTI1Yjc5L2ltYWdlL2ltYWdlXkEyXkFqcGdeQXVyMTg2NzkzNjk@._V1_SX300.jpg,N/A,8.5,N/A,N/A
60,Dog Day Afternoon,1975,R,25 Dec 1975,125 min,"Biography, Crime, Drama",Sidney Lumet,"Frank Pierson, P.F. Kluge, Thomas Moore","Al Pacino, John Cazale, Penelope Allen","Three amateur bank robbers plan to hold up a bank. A nice simple robbery: Walk in, take the money, and run. Unfortunately, the supposedly uncomplicated heist suddenly becomes a bizarre nightmare as everything that could go wrong does",English,https://m.media-amazon.com/images/M/MV5BODExZmE2ZWItYTIzOC00MzI1LTgyNTktMDBhNmFhY2Y4OTQ3XkEyXkFqcGdeQXVyNjU0OTQ0OTY@._V1_SX300.jpg,86,8.0,N/A,N/A
61,Rumble,2002,N/A,26 Sep 2002,55 min,"Adventure, Comedy, Drama",Jani Volanen,"Jari Nissinen, Jani Volanen","Vesa-Matti Loiri, Jari Nissinen, Tommi Korpela",Rumble is a story of four aged rockabillies' journey in 2000's Finnish summer driving red Cadillac while listening 50's rock and roll. They're seeking to find pizza on the road while drinking heavily.,Finnish,https://m.media-amazon.com/images/M/MV5BZTk1MjM1ODQtOTQzMS00MWYyLTg0ZWEtNjRmNGYxOWU0ZDRhXkEyXkFqcGdeQXVyODI5MjUwMTI@._V1_SX300.jpg,N/A,7.1,N/A,N/A
62,The Ghosts of Borley Rectory,2021,N/A,08 Nov 2021,80 min,"Drama, Horror, Mystery",Steven M. Smith,"Christopher Jolley, Steven M. Smith","Toby Wynn-Davies, Julian Sands, Colin Baker",Harry Price investigates the ghosts of Borley Rectory during his stay there.,English,https://m.media-amazon.com/images/M/MV5BY2E2ZWE3ODItZTA1My00ODYyLThhZWMtNTZiYzVkMmIxNjQ0XkEyXkFqcGdeQXVyMzU5NzU5OQ@@._V1_SX300.jpg,N/A,N/A,N/A,N/A
63,The Batman,2004–2008,TV-Y7,11 Sep 2004,30 min,"Animation, Action, Adventure",N/A,Bill Finger,"Rino Romano, Alastair Duncan, Evan Sabara",Billionaire Bruce Wayne fights crime and evil as the mysterious Batman.,English,https://m.media-amazon.com/images/M/MV5BYzRjOWY2YWUtOTM4Yy00ODE3LThlNzAtN2YxMWUzOGQ1MTMxXkEyXkFqcGdeQXVyMTEyNzgwMDUw._V1_SX300.jpg,N/A,7.3,N/A,"Romark Entertainment, Resolute Productions"
64,Turning Red,2022,N/A,11 Mar 2022,N/A,"Animation, Adventure, Comedy",Domee Shi,Domee Shi,"Rosalie Chiang, Sandra Oh",A 13-year-old girl turns into a giant red panda whenever she gets too excited.,English,https://m.media-amazon.com/images/M/MV5BZWEwZWUwMDctNmZkNC00YTRjLWFkMzAtOWQzZDgyOGIwZjYxXkEyXkFqcGdeQXVyNTI4MzE4MDU@._V1_SX300.jpg,N/A,N/A,N/A,N/A
65,Downton Abbey: A New Era,2022,N/A,18 Mar 2022,N/A,"Drama, Romance",Simon Curtis,Julian Fellowes,"Maggie Smith, Michelle Dockery, Elizabeth McGovern",Follow-up to the 2019 feature film in which the Crawley family and Downton staff received a royal visit from the King and Queen of Great Britain.,N/A,https://m.media-amazon.com/images/M/MV5BZjhlZTZlMDItMjUxMS00ZWVkLWFiZjQtYzAxOGYyNTM0MmNhXkEyXkFqcGdeQXVyODk4OTc3MTY@._V1_SX300.jpg,N/A,N/A,N/A,N/A
66,Doctor Strange in the Multiverse of Madness,2022,N/A,25 Mar 2022,N/A,"Action, Adventure, Fantasy",Sam Raimi,"Jade Halley Bartlett, Steve Ditko, Stan Lee","Benedict Cumberbatch, Rachel McAdams, Elizabeth Olsen",Plot unknown. Sequel to the 2016 Marvel film 'Doctor Strange'.,English,https://m.media-amazon.com/images/M/MV5BYzljNzE0ZDktNWFkOS00ZjE3LWJjNzEtZTE0NmVhNzBmYzE5XkEyXkFqcGdeQXVyNjg3MDMxNzU@._V1_SX300.jpg,N/A,N/A,N/A,N/A
67,The Northman,2022,N/A,08 Apr 2022,N/A,"Action, Adventure, Drama",Robert Eggers,"Robert Eggers, Sjón","Anya Taylor-Joy, Alexander Skarsgård, Nicole Kidman","From acclaimed director Robert Eggers, The Northman is an epic revenge thriller that explores how far a Viking prince will go to seek justice for his murdered father.",English,https://m.media-amazon.com/images/M/MV5BM2NlYWU1NDYtZmQxYS00MGYxLTkzNTQtYjJlNGJiZjJlYmViXkEyXkFqcGdeQXVyMTI0NTYyMzgz._V1_SX300.jpg,N/A,N/A,N/A,"Skydance Media, Paramount Pictures, Tencent Pictures, Jerry Bruckheimer Films, New Republic Pictures"
68,Bullet Train,2022,N/A,08 Apr 2022,N/A,Action,David Leitch,"Kôtarô Isaka, Zak Olkewicz","Zazie Beetz, Michael Shannon, Brad Pitt",Five assassins aboard a fast moving bullet train find out their missions have something in common.,English,https://m.media-amazon.com/images/M/MV5BZDlhMGE4ODYtZDIxZi00NWZhLWIzNmQtOWVkZThlYjc4ZGU0XkEyXkFqcGdeQXVyNjA2ODYyMTk@._V1_SX300.jpg,N/A,N/A,N/A,N/A
69,Sonic the Hedgehog 2,2022,N/A,08 Apr 2022,N/A,"Action, Adventure, Comedy",Jeff Fowler,"Pat Casey, Josh Miller, John Whittington","Ben Schwartz, Idris Elba, Jim Carrey",Sequel to the 2020 live-action feature film 'Sonic the Hedgehog'.,English,https://m.media-amazon.com/images/M/MV5BMzQwZTI5MjMtN2YzMC00OTJlLThmZWQtYTBjMDgxNzBjYjIzXkEyXkFqcGdeQXVyMTEzMTI1Mjk3._V1_SX300.jpg,N/A,N/A,N/A,N/A
70,Fantastic Beasts: The Secrets of Dumbledore,2022,N/A,15 Apr 2022,N/A,"Adventure, Family, Fantasy",David Yates,"J.K. Rowling, Steve Kloves","Mads Mikkelsen, Jude Law, Ezra Miller",The third installment of the 'Fantastic Beasts and Where to Find Them' series which follows the adventures of Newt Scamander.,English,https://m.media-amazon.com/images/M/MV5BOTAzMTFlZTgtZDkxMi00MDQ1LTg5ZTUtMWQ3ZjVmN2E1Yjg5XkEyXkFqcGdeQXVyMTE1NDI5MDQx._V1_SX300.jpg,N/A,N/A,N/A,"Universal Pictures, Skydance Media, Amblin Entertainment"
71,Lost City of D,2022,N/A,15 Apr 2022,N/A,"Action, Comedy, Romance","Aaron Nee, Adam Nee","Dana Fox, Oren Uziel","Brad Pitt, Sandra Bullock, Daniel Radcliffe",A reclusive romance novelist on a book tour with her cover model gets swept up in kidnapping attempt that lands them both in a cutthroat jungle adventure.,English,N/A,N/A,N/A,N/A,N/A
72,The Unbearable Weight of Massive Talent,2022,N/A,22 Apr 2022,N/A,Comedy,Tom Gormican,"Kevin Etten, Tom Gormican","Nicolas Cage, Pedro Pascal, Sharon Horgan","A cash-strapped Nicolas Cage agrees to make a paid appearance at a billionaire super fan's birthday party, but is really an informant for the CIA since the billionaire fan is a drug kingpin and gets cast in a Tarantino movie.",English,https://m.media-amazon.com/images/M/MV5BMzYwMzAxNjMtMTQyNS00MWJmLTkzYWQtZDIwYWEwMDc2ODM4XkEyXkFqcGdeQXVyMTA1MDIxODk4._V1_SX300.jpg,N/A,N/A,N/A,N/A
73,The Bad Guys,2018,N/A,16 Feb 2018,90 min,"Comedy, Drama",Carlos Rincones,"Rock Shaink Jr., Alena Smith, Carlos Rincones","Glen Powell, Erik Stocklin, Mekenna Melvin","During a fleeting return trip to his childhood home, a budding filmmaker is confronted by the now-grown ensemble of his old hometown friends - none of whom are aware that he intends to make his fortune off the shared childhood trauma",English,https://m.media-amazon.com/images/M/MV5BMTExNTEzMzM3OTNeQTJeQWpwZ15BbWU4MDY2OTI1OTYx._V1_SX300.jpg,N/A,6.0,N/A,N/A
74,Thor: Love and Thunder,2022,N/A,06 May 2022,N/A,"Action, Adventure, Fantasy",Taika Waititi,"Stan Lee, Jennifer Kaytin Robinson, Taika Waititi","Chris Pratt, Taika Waititi, Karen Gillan",The sequel to Thor: Ragnarok and the fourth movie in the Thor saga.,English,https://m.media-amazon.com/images/M/MV5BMzZjMTIwNjYtYTg0ZS00ZDFjLTk3MDctMTY3ZTgwMjQ4MmFiXkEyXkFqcGdeQXVyNjg2NjQwMDQ@._V1_SX300.jpg,N/A,N/A,N/A,N/A
75,Legally Blonde 3,2022,N/A,20 May 2022,N/A,Comedy,Jamie Suk,"Dan Goor, Mindy Kaling, Karen McCullah","Jennifer Coolidge, Reese Witherspoon, Alanna Ubach",Plot unknown. Third installment of 'Legally Blonde'.,English,https://m.media-amazon.com/images/M/MV5BZWE2MjVlNjEtNjZhOC00NDg5LTk2MmMtZGRjZDI2ZTJjZDIxXkEyXkFqcGdeQXVyMzI0NDA4NTY@._V1_SX300.jpg,N/A,N/A,N/A,N/A
76,DC League of Super-Pets,2022,N/A,20 May 2022,N/A,"Animation, Action, Adventure","Jared Stern, Sam Levine","Jared Stern, John Whittington","Keanu Reeves, Dwayne Johnson, John Krasinski",Superman's dog team up with a flying cat to stop crime while Superman is on vacation.,English,https://m.media-amazon.com/images/M/MV5BNzQ1ZGZjYzUtMzYwOS00ZmRiLWJmMDMtMmJjN2VmYmEzYTBmXkEyXkFqcGdeQXVyMTEyMjM2NDc2._V1_SX300.jpg,N/A,N/A,N/A,N/A
77,Top Gun: Maverick,2022,PG-13,27 May 2022,N/A,"Action, Drama",Joseph Kosinski,"Ehren Kruger, Eric Warren Singer, Christopher McQuarrie","Tom Cruise, Jennifer Connelly, Miles Teller","After more than thirty years of service as one of the Navy's top aviators, Pete Mitchell is where he belongs, pushing the envelope as a courageous test pilot and dodging the advancement in rank that would ground him.",English,https://m.media-amazon.com/images/M/MV5BMjA3NzlmNmItZjU0YS00NjdmLTg0ZGMtNDc5M2JlMzIzODg4XkEyXkFqcGdeQXVyMTAwMTY4OTI3._V1_SX300.jpg,N/A,N/A,N/A,N/A
78,John Wick: Chapter 4,2022,N/A,27 May 2022,N/A,"Action, Crime, Thriller",Chad Stahelski,"Michael Finch, Shay Hatten, Derek Kolstad","Keanu Reeves, Donnie Yen, Bill Skarsgård","On this IMDbrief, we trace the winding road of Mr. Reeves and why the Keanu-ssaince is only getting started.",English,https://m.media-amazon.com/images/M/MV5BZDJiNTUyZWQtNGFkNy00ODhkLWJkNWMtOTI1ODhhYmNiYzU0XkEyXkFqcGdeQXVyMTMxNTMyNDQw._V1_SX300.jpg,N/A,N/A,N/A,N/A
79,Untitled Elvis Presley Project,2022,N/A,03 Jun 2022,N/A,"Biography, Drama, Music",Baz Luhrmann,"Sam Bromell, Baz Luhrmann, Craig Pearce","Tom Hanks, Austin Butler, Olivia DeJonge","A look at the life of the legendary rock and roll star, Elvis Presley.",English,N/A,N/A,N/A,"$20,915,465",N/A
80,Jurassic World: Dominion,2022,N/A,10 Jun 2022,N/A,"Action, Adventure, Sci-Fi",Colin Trevorrow,"Colin Trevorrow, Emily Carmichael, Derek Connolly","Bryce Dallas Howard, Sam Neill, Chris Pratt",Plot kept under wraps.,English,https://m.media-amazon.com/images/M/MV5BMDhkODhmZjEtMmE5My00MTE1LTllZGItMDkwOTZlMjY1ZWUyXkEyXkFqcGdeQXVyODk4OTc3MTY@._V1_SX300.jpg,N/A,N/A,N/A,N/A
81,Lightyear,2022,N/A,17 Jun 2022,N/A,"Animation, Adventure, Comedy",Angus MacLane,Pete Docter,Chris Evans,The story of Buzz Lightyear and his adventures to infinity and beyond.,English,https://m.media-amazon.com/images/M/MV5BNDc4ZWE1NWYtMDg2ZS00ZjI1LWJmNjctMTAyMWFjYWIyMzgxXkEyXkFqcGdeQXVyNzEzNjU1NDg@._V1_SX300.jpg,N/A,N/A,N/A,N/A
82,Transformers: Rise of the Beasts,2022,N/A,24 Jun 2022,N/A,"Action, Adventure, Sci-Fi",Steven Caple Jr.,"Joby Harold, Matt Holloway, Art Marcum","Ron Perlman, Anthony Ramos, Luna Lauren Velez",Plot unknown. Reportedly based on the 'Transformers' spinoff 'Beast Wars' which feature robots that transform into robotic animals.,English,https://m.media-amazon.com/images/M/MV5BNWQ2MWU1ZWItYjkyNi00YmYwLWExMzAtZmZlMGNhMTg3OWI1XkEyXkFqcGdeQXVyMTEzMTI1Mjk3._V1_SX300.jpg,N/A,N/A,N/A,N/A
83,Where the Crawdads Sing,2022,N/A,24 Jun 2022,N/A,"Drama, Mystery",Olivia Newman,"Lucy Alibar, Delia Owens","Garret Dillahunt, David Strathairn, Daisy Edgar-Jones",A woman who raised herself in the marshes of the deep South becomes a suspect in the murder of a man she was once involved with.,English,N/A,N/A,N/A,N/A,"New Republic Pictures, Paramount Pictures, Skydance Media, Bad Robot"
84,Minions: The Rise of Gru,2022,PG,01 Jul 2022,90 min,"Animation, Adventure, Comedy","Kyle Balda, Brad Ableson, Jonathan del Val","Brian Lynch, Matthew Fogel, Cinco Paul","Steve Carell, Pierre Coffin, Taraji P. Henson",The untold story of one twelve-year-old's dream to become the world's greatest supervillain.,"English, Vietnamese",https://m.media-amazon.com/images/M/MV5BYjZkNzM0MDItZGQ0Zi00N2MzLTlhM2MtNjJlMTczZDBkNWUxXkEyXkFqcGdeQXVyODk4OTc3MTY@._V1_SX300.jpg,N/A,N/A,N/A,N/A
85,Black Panther: Wakanda Forever,2022,N/A,08 Jul 2022,N/A,"Action, Adventure, Drama",Ryan Coogler,"Joe Robert Cole, Ryan Coogler","Angela Bassett, Danai Gurira, Martin Freeman",A sequel that will continue to explore the incomparable world of Wakanda and all the rich and varied characters introduced in the 2018 film.,English,https://m.media-amazon.com/images/M/MV5BYjJlMjBmYzUtY2E3MC00OWI1LWE1YmUtOTdmM2IyMTQyZDBjXkEyXkFqcGdeQXVyODk4OTc3MTY@._V1_SX300.jpg,N/A,N/A,N/A,N/A
86,Nope,2017,N/A,23 May 2017,N/A,"Short, Comedy",Ryan Godoy,Ryan Godoy,Tudor Williams,A man discovers a disturbance in his home and wastes no time deciding what to do about it.,English,https://m.media-amazon.com/images/M/MV5BZWI4NTVlZjUtYmMxNC00NmUzLThhNzYtZDg2MzMyNDNlZWViXkEyXkFqcGdeQXVyMTA0Mzk1MTY2._V1_SX300.jpg,N/A,N/A,,
87,Black Adam,2022,N/A,29 Jul 2022,N/A,"Action, Fantasy, Sci-Fi",Jaume Collet-Serra,"C.C. Beck, Otto Binder, Rory Haines","Pierce Brosnan, Dwayne Johnson, Sarah Shahi","Plot unknown. A spin-off from 'Shazam!' centering on the film's anti-hero, Black Adam.",English,https://m.media-amazon.com/images/M/MV5BNTAxMGQ2NTQtMDYwMC00NDQ3LTgwYTAtOWYzMjE4OGVkZjk2XkEyXkFqcGdeQXVyODk4OTc3MTY@._V1_SX300.jpg,N/A,N/A,,
88,Guns 3: Alias Billy the Kid,2022,N/A,03 Aug 2022,N/A,Western,Emilio Estevez,"Emilio Estevez, John Fusco",Emilio Estevez,Plot kept under wraps. Third installment of the 'Young Guns' film franchise.,English,https://m.media-amazon.com/images/M/MV5BZDE5NGRkNzEtMmYzMi00NzJiLWJjMjMtZjBkMTViYTZlYTg2XkEyXkFqcGdeQXVyMTQ4NjgzNA@@._V1_SX300.jpg,N/A,N/A,,
89,Super Mario Bros.,1993,PG,28 May 1993,104 min,"Adventure, Comedy, Family","Annabel Jankel, Rocky Morton","Parker Bennett, Terry Runte, Ed Solomon","Bob Hoskins, John Leguizamo, Dennis Hopper","Two Brooklyn plumbers, Mario and Luigi, must travel to another dimension to rescue a princess from the evil dictator King Koopa and stop him from taking over the world.",English,https://m.media-amazon.com/images/M/MV5BZGVmZTUyZDAtYjg0MC00NmE5LWE2OTAtM2FjNGI1NWUyMzE0XkEyXkFqcGdeQXVyNjMwMjk0MTQ@._V1_SX300.jpg,35,4.1,,
90,Samaritan,2006,N/A,11 Nov 2006,20 min,"Short, Sci-Fi",Kimball Carr,Kimball Carr,"Johnny Alonso, Kelley Davis, D.D. Delaney","A stranger reveals his supernatural abilities while thwarting a robbery. When two worlds collide, the detective investigating this mystery is left with more questions than answers.",English,https://m.media-amazon.com/images/M/MV5BMjI0MTg2MzUwNl5BMl5BanBnXkFtZTgwODM1NDY2NDE@._V1_SX300.jpg,N/A,2.7,,
91,Salem's Lot,1979,PG,17 Nov 1979,200 min,Horror,Tobe Hooper,"Stephen King (novel), Paul Monash (screenplay)","David Soul, James Mason, Lance Kerwin",A novelist and a young horror fan attempt to save a small New England town which has been invaded by vampires.,English,https://m.media-amazon.com/images/M/MV5BMzc0MDIwZjktYTEzNC00ZWQxLTk5MWYtYjBmMDI3YTg4ZjYzXkEyXkFqcGdeQXVyMTQxNzMzNDI@._V1_SX300.jpg,N/A,6.8,,
92,Dark Harvest,2004,R,20 Apr 2004,88 min,"Comedy, Horror",Paul Moore,Paul Moore,"Don Digiulio, Jeanie Cheek, Jennifer Leigh, B.W. York","A group of teenagers go to an inherited family farm, only to be attacked by a killer scarecrow.",English,https://m.media-amazon.com/images/M/MV5BODIyMTQ3NjA1NV5BMl5BanBnXkFtZTcwNzYyMzYyMQ@@._V1_SX300.jpg,N/A,2.7,,
93,Don't Worry Darling,2022,Approved,23 Sep 2022,N/A,"Crime, Drama, Horror",Olivia Wilde,"Katie Silberman, Carey Van Dyke, Shane Van Dyke","Florence Pugh, Olivia Wilde, Chris Pine",A 1950's housewife living with her husband in a utopian experimental community begins to worry that his glamorous company may be hiding disturbing secrets.,English,https://m.media-amazon.com/images/M/MV5BNzlkODMzYWQtM2M3Yy00Y2Y0LTkyMGItNDViMDQ3N2FkYTAyXkEyXkFqcGdeQXVyNTA3NTA2ODM@._V1_SX300.jpg,N/A,N/A,,
94,Mission: Impossible 7,2022,N/A,30 Sep 2022,N/A,"Action, Adventure, Thriller",Christopher McQuarrie,"Bruce Geller, Christopher McQuarrie","Rebecca Ferguson, Tom Cruise, Hayley Atwell",Seventh entry in the long-running Mission: Impossible series.,English,https://m.media-amazon.com/images/M/MV5BODJhOTIxZTItNmM1OS00MGQ5LWExY2YtZDYxMzU1ZDE4ZDA4XkEyXkFqcGdeQXVyMzcyMzg5MTc@._V1_SX300.jpg,N/A,N/A,,
95,Spider-Man: Into the Spider-Verse 2,2022,N/A,07 Oct 2022,N/A,"Animation, Action, Adventure","Joaquim Dos Santos, Kemp Powers, Justin K. Thompson","Phil Lord, Christopher Miller, Dave Callaham","Shameik Moore, Hailee Steinfeld, Issa Rae",Plot unknown. Sequel to the 2018 film 'Spider-Man: Into the Spider-Verse'.,English,https://m.media-amazon.com/images/M/MV5BZDY5NDJjYzktZjQ3My00NmM2LWIzODgtYWFjNDgwMzIyY2VlXkEyXkFqcGdeQXVyMTMzMTEwODg5._V1_SX300.jpg,N/A,N/A,,
96,Halloween Ends,2022,N/A,14 Oct 2022,N/A,"Horror, Thriller",David Gordon Green,"Chris Bernier, John Carpenter, David Gordon Green","Jamie Lee Curtis, Judy Greer, Nick Castle",The saga of Michael Myers and Laurie Strode ends.,English,https://m.media-amazon.com/images/M/MV5BNWI0M2MwNjAtOWRkMC00N2I0LWE2OTgtYzYyNmM0OWM4N2I2XkEyXkFqcGdeQXVyNjIzNzM4NzA@._V1_SX300.jpg,N/A,N/A,,
